{
    "name": "HelperChain",
    "engine": {
        "authorityRound": {
            "params": {
                "stepDuration": "5",
                "blockReward": "0x0",
                "maximumUncleCount": 0,
                "validators" : {
                    "multi": {
                        "0": {
                            "list": [
                            "0x9fa2c3756ef3f4ca7749f22eb155f25990d10dff",
                            "0x9c3e37524c93a462abdbaae1b551d1cfcaa57cca", 
                            "0x31aa31d06535576df1859c2db44594b26973952e"
                            ]
                        }
                    }
                }
            }
        }
    },
    "params": {
        "gasLimitBoundDivisor": "0x400",
        "maximumExtraDataSize": "0x20",
        "minGasLimit": "0x1388",
        "networkID" : "0x463",
        "eip140Transition": "0x0",
        "eip211Transition": "0x0",
        "eip214Transition": "0x0",
        "eip658Transition": "0x0",
        "eip145Transition": "0x0",
        "eip1014Transition": "0x0",
        "eip1052Transition": "0x0",
        "eip1283Transition": "0x0",
        "eip1344Transition": "0x0",
        "eip1706Transition": "0x0",
        "eip1884Transition": "0x0",
        "eip2028Transition": "0x0",
        "eip2929Transition": "0x0",
        "eip2930Transition": "0x0",
        "eip3198Transition": 30,
        "eip3529Transition": 30,
        "eip3541Transition": 30,
        "eip1559Transition": 30,
        "eip1559BaseFeeMaxChangeDenominator": "0x8",
        "eip1559ElasticityMultiplier": "0x2",
        "eip1559BaseFeeInitialValue": "0x3b9aca00",
        "eip1559FeeCollector": "0x7613C922eC1EF93282D2D4fcEB1feEd04C342e76",
        "eip1559FeeCollectorTransition": 30
    },
    "genesis": {
        "seal": {
            "authorityRound": {
                "step": "0x0",
                "signature": "0x0000000000000000000000000000000000000000000000000000000000000000000000000000000000000000000000000000000000000000000000000000000000"
            }
        },
        "difficulty": "0x20000",
        "gasLimit": "30000000"
    },
    "accounts": {
        "0x0000000000000000000000000000000000000001": { "balance": "1", "builtin": { "name": "ecrecover", "pricing": { "linear": { "base": 3000, "word": 0 } } } },
        "0x0000000000000000000000000000000000000002": { "balance": "1", "builtin": { "name": "sha256", "pricing": { "linear": { "base": 60, "word": 12 } } } },
        "0x0000000000000000000000000000000000000003": { "balance": "1", "builtin": { "name": "ripemd160", "pricing": { "linear": { "base": 600, "word": 120 } } } },
        "0x0000000000000000000000000000000000000004": { "balance": "1", "builtin": { "name": "identity", "pricing": { "linear": { "base": 15, "word": 3 } } } },
        "0x0000000000000000000000000000000000000005": { "builtin": { "name": "modexp", "activate_at": 0, "pricing": { "modexp": { "divisor": 20 } } } },
        "0x0000000000000000000000000000000000000006": { "builtin": { "name": "alt_bn128_add", "activate_at": 0, "pricing": { "linear": { "base": 500, "word": 0 } } } },
        "0x0000000000000000000000000000000000000007": { "builtin": { "name": "alt_bn128_mul", "activate_at": 0, "pricing": { "linear": { "base": 40000, "word": 0 } } } },
        "0x0000000000000000000000000000000000000008": { "builtin": { "name": "alt_bn128_pairing", "activate_at": 0, "pricing": { "alt_bn128_pairing": { "base": 100000, "pair": 80000 }}}},
        "0x7613C922eC1EF93282D2D4fcEB1feEd04C342e76":{ "balance":"1000000000000000000000000000"}
    }
}
